label,model_path,text,output_path,elapsed_s,audio_s,rtf,note,clone_mode,ref_audio,ref_text,max_tokens
0001_speaker,models/Qwen3-TTS-official-mlx-int8,各位观众，欢迎收听今日 AI 修仙群瞎哔哔报告。,/Users/vanch/tts_benchmarks/20260514_64row_compare/qwen3/0001_逗哏.wav,6.656314665975515,4.08,1.6314496730332144,逗哏,icl_ref_audio_ref_text,/Users/vanch/mlx-indextts2/outputs/groupchat_crosstalk_20260509_duo_auto_cleanrefs/clean_refs/0526_crosstalk_1868611-1871268_demucs_vocals.wav,您再解释解释，也是咱俩的事儿。,88
0002_speaker,models/Qwen3-TTS-official-mlx-int8,今天这群不叫聊天群。,/Users/vanch/tts_benchmarks/20260514_64row_compare/qwen3/0002_捧哏.wav,0.5788490840350278,1.6,0.36178067752189236,捧哏,icl_ref_audio_ref_text,/Users/vanch/mlx-indextts2/outputs/groupchat_crosstalk_20260509_duo_auto_cleanrefs/clean_refs/0289_crosstalk_1020549-1022581_demucs_vocals.wav,老太太连翻身都翻不了了。,48
0003_speaker,models/Qwen3-TTS-official-mlx-int8,那叫什么？,/Users/vanch/tts_benchmarks/20260514_64row_compare/qwen3/0003_逗哏.wav,0.28420391702093184,0.56,0.5075069946802354,逗哏,icl_ref_audio_ref_text,/Users/vanch/mlx-indextts2/outputs/groupchat_crosstalk_20260509_duo_auto_cleanrefs/clean_refs/0526_crosstalk_1868611-1871268_demucs_vocals.wav,您再解释解释，也是咱俩的事儿。,48
0004_speaker,models/Qwen3-TTS-official-mlx-int8,叫羊毛批发市场，顺便卖点人生苦难。,/Users/vanch/tts_benchmarks/20260514_64row_compare/qwen3/0004_捧哏.wav,1.130557750002481,3.68,0.30721677989197854,捧哏,icl_ref_audio_ref_text,/Users/vanch/mlx-indextts2/outputs/groupchat_crosstalk_20260509_duo_auto_cleanrefs/clean_refs/0289_crosstalk_1020549-1022581_demucs_vocals.wav,老太太连翻身都翻不了了。,68
0005_speaker,models/Qwen3-TTS-official-mlx-int8,先说第一案，薅羊毛大战。,/Users/vanch/tts_benchmarks/20260514_64row_compare/qwen3/0005_逗哏.wav,0.7509027090272866,2.16,0.34764014306818825,逗哏,icl_ref_audio_ref_text,/Users/vanch/mlx-indextts2/outputs/groupchat_crosstalk_20260509_duo_auto_cleanrefs/clean_refs/0526_crosstalk_1868611-1871268_demucs_vocals.wav,您再解释解释，也是咱俩的事儿。,48
0006_speaker,models/Qwen3-TTS-official-mlx-int8,这个我熟，日抛号，周抛号，共享额度，反重力废了改 Codex。,/Users/vanch/tts_benchmarks/20260514_64row_compare/qwen3/0006_捧哏.wav,1.5887209580396302,5.28,0.30089412084083905,捧哏,icl_ref_audio_ref_text,/Users/vanch/mlx-indextts2/outputs/groupchat_crosstalk_20260509_duo_auto_cleanrefs/clean_refs/0289_crosstalk_1020549-1022581_demucs_vocals.wav,老太太连翻身都翻不了了。,120
0007_speaker,models/Qwen3-TTS-official-mlx-int8,还有人双开 Codex。,/Users/vanch/tts_benchmarks/20260514_64row_compare/qwen3/0007_逗哏.wav,0.6482498329714872,1.68,0.38586299581636146,逗哏,icl_ref_audio_ref_text,/Users/vanch/mlx-indextts2/outputs/groupchat_crosstalk_20260509_duo_auto_cleanrefs/clean_refs/0526_crosstalk_1868611-1871268_demucs_vocals.wav,您再解释解释，也是咱俩的事儿。,48
0008_speaker,models/Qwen3-TTS-official-mlx-int8,好家伙，别人双开游戏，他双开牛马。,/Users/vanch/tts_benchmarks/20260514_64row_compare/qwen3/0008_捧哏.wav,1.1926618340075947,3.68,0.3240928896759768,捧哏,icl_ref_audio_ref_text,/Users/vanch/mlx-indextts2/outputs/groupchat_crosstalk_20260509_duo_auto_cleanrefs/clean_refs/0289_crosstalk_1020549-1022581_demucs_vocals.wav,老太太连翻身都翻不了了。,68
0009_speaker,models/Qwen3-TTS-official-mlx-int8,叶总深夜总结，牛马都是跟着羊毛走的。,/Users/vanch/tts_benchmarks/20260514_64row_compare/qwen3/0009_逗哏.wav,1.0065543330274522,3.12,0.32261356827802956,逗哏,icl_ref_audio_ref_text,/Users/vanch/mlx-indextts2/outputs/groupchat_crosstalk_20260509_duo_auto_cleanrefs/clean_refs/0526_crosstalk_1868611-1871268_demucs_vocals.wav,您再解释解释，也是咱俩的事儿。,72
0010_speaker,models/Qwen3-TTS-official-mlx-int8,这话扎心了。,/Users/vanch/tts_benchmarks/20260514_64row_compare/qwen3/0010_捧哏.wav,0.41709262499352917,1.04,0.40105060095531647,捧哏,icl_ref_audio_ref_text,/Users/vanch/mlx-indextts2/outputs/groupchat_crosstalk_20260509_duo_auto_cleanrefs/clean_refs/0289_crosstalk_1020549-1022581_demucs_vocals.wav,老太太连翻身都翻不了了。,48
0011_speaker,models/Qwen3-TTS-official-mlx-int8,更扎心的是，被 AI 训练成只睡五小时。,/Users/vanch/tts_benchmarks/20260514_64row_compare/qwen3/0011_逗哏.wav,0.9737106669927016,3.04,0.3202995615107571,逗哏,icl_ref_audio_ref_text,/Users/vanch/mlx-indextts2/outputs/groupchat_crosstalk_20260509_duo_auto_cleanrefs/clean_refs/0526_crosstalk_1868611-1871268_demucs_vocals.wav,您再解释解释，也是咱俩的事儿。,72
0012_speaker,models/Qwen3-TTS-official-mlx-int8,以前熬夜是为了爱情，现在熬夜是为了额度刷新。,/Users/vanch/tts_benchmarks/20260514_64row_compare/qwen3/0012_捧哏.wav,1.072308750008233,3.44,0.3117176598861142,捧哏,icl_ref_audio_ref_text,/Users/vanch/mlx-indextts2/outputs/groupchat_crosstalk_20260509_duo_auto_cleanrefs/clean_refs/0289_crosstalk_1020549-1022581_demucs_vocals.wav,老太太连翻身都翻不了了。,88
0013_speaker,models/Qwen3-TTS-official-mlx-int8,第二案，土狗道人的血泪创业史。,/Users/vanch/tts_benchmarks/20260514_64row_compare/qwen3/0013_逗哏.wav,1.0927879590308294,3.36,0.3252345116163183,逗哏,icl_ref_audio_ref_text,/Users/vanch/mlx-indextts2/outputs/groupchat_crosstalk_20260509_duo_auto_cleanrefs/clean_refs/0526_crosstalk_1868611-1871268_demucs_vocals.wav,您再解释解释，也是咱俩的事儿。,60
0014_speaker,models/Qwen3-TTS-official-mlx-int8,听名字就像开局一条狗，装备全靠封。,/Users/vanch/tts_benchmarks/20260514_64row_compare/qwen3/0014_捧哏.wav,1.146152000001166,3.68,0.3114543478264038,捧哏,icl_ref_audio_ref_text,/Users/vanch/mlx-indextts2/outputs/groupchat_crosstalk_20260509_duo_auto_cleanrefs/clean_refs/0289_crosstalk_1020549-1022581_demucs_vocals.wav,老太太连翻身都翻不了了。,68
0015_speaker,models/Qwen3-TTS-official-mlx-int8,他本来想卖 Plus 号，大干一场。,/Users/vanch/tts_benchmarks/20260514_64row_compare/qwen3/0015_逗哏.wav,0.8635196670074947,2.56,0.3373123699248026,逗哏,icl_ref_audio_ref_text,/Users/vanch/mlx-indextts2/outputs/groupchat_crosstalk_20260509_duo_auto_cleanrefs/clean_refs/0526_crosstalk_1868611-1871268_demucs_vocals.wav,您再解释解释，也是咱俩的事儿。,64
0016_speaker,models/Qwen3-TTS-official-mlx-int8,然后呢？,/Users/vanch/tts_benchmarks/20260514_64row_compare/qwen3/0016_捧哏.wav,0.34526249999180436,0.8,0.43157812498975545,捧哏,icl_ref_audio_ref_text,/Users/vanch/mlx-indextts2/outputs/groupchat_crosstalk_20260509_duo_auto_cleanrefs/clean_refs/0289_crosstalk_1020549-1022581_demucs_vocals.wav,老太太连翻身都翻不了了。,48
0017_speaker,models/Qwen3-TTS-official-mlx-int8,闲鱼光速封号。,/Users/vanch/tts_benchmarks/20260514_64row_compare/qwen3/0017_逗哏.wav,0.5166877079755068,1.36,0.3799174323349314,逗哏,icl_ref_audio_ref_text,/Users/vanch/mlx-indextts2/outputs/groupchat_crosstalk_20260509_duo_auto_cleanrefs/clean_refs/0526_crosstalk_1868611-1871268_demucs_vocals.wav,您再解释解释，也是咱俩的事儿。,48
0018_speaker,models/Qwen3-TTS-official-mlx-int8,这不叫创业，这叫平台给你做法事。,/Users/vanch/tts_benchmarks/20260514_64row_compare/qwen3/0018_捧哏.wav,0.8508496250142343,2.72,0.3128123621375861,捧哏,icl_ref_audio_ref_text,/Users/vanch/mlx-indextts2/outputs/groupchat_crosstalk_20260509_duo_auto_cleanrefs/clean_refs/0289_crosstalk_1020549-1022581_demucs_vocals.wav,老太太连翻身都翻不了了。,64
0019_speaker,models/Qwen3-TTS-official-mlx-int8,更离谱的是，他还被小红书忽悠去了西藏。,/Users/vanch/tts_benchmarks/20260514_64row_compare/qwen3/0019_逗哏.wav,1.042439250042662,3.2,0.3257622656383319,逗哏,icl_ref_audio_ref_text,/Users/vanch/mlx-indextts2/outputs/groupchat_crosstalk_20260509_duo_auto_cleanrefs/clean_refs/0526_crosstalk_1868611-1871268_demucs_vocals.wav,您再解释解释，也是咱俩的事儿。,76
0020_speaker,models/Qwen3-TTS-official-mlx-int8,说走就走？,/Users/vanch/tts_benchmarks/20260514_64row_compare/qwen3/0020_捧哏.wav,0.4885962500120513,1.04,0.46980408655004935,捧哏,icl_ref_audio_ref_text,/Users/vanch/mlx-indextts2/outputs/groupchat_crosstalk_20260509_duo_auto_cleanrefs/clean_refs/0289_crosstalk_1020549-1022581_demucs_vocals.wav,老太太连翻身都翻不了了。,48
0021_speaker,models/Qwen3-TTS-official-mlx-int8,说疼就疼。肾结石加高反，直接飞回。,/Users/vanch/tts_benchmarks/20260514_64row_compare/qwen3/0021_逗哏.wav,1.143163042026572,3.6,0.31754528945182553,逗哏,icl_ref_audio_ref_text,/Users/vanch/mlx-indextts2/outputs/groupchat_crosstalk_20260509_duo_auto_cleanrefs/clean_refs/0526_crosstalk_1868611-1871268_demucs_vocals.wav,您再解释解释，也是咱俩的事儿。,68
0022_speaker,models/Qwen3-TTS-official-mlx-int8,别人去西藏净化心灵，他去西藏净化肾结石。,/Users/vanch/tts_benchmarks/20260514_64row_compare/qwen3/0022_捧哏.wav,1.2834069170057774,4.16,0.3085112781263888,捧哏,icl_ref_audio_ref_text,/Users/vanch/mlx-indextts2/outputs/groupchat_crosstalk_20260509_duo_auto_cleanrefs/clean_refs/0289_crosstalk_1020549-1022581_demucs_vocals.wav,老太太连翻身都翻不了了。,80
0023_speaker,models/Qwen3-TTS-official-mlx-int8,回来一句，小红书最多看看擦边。,/Users/vanch/tts_benchmarks/20260514_64row_compare/qwen3/0023_逗哏.wav,0.900137500022538,2.64,0.34096117425096134,逗哏,icl_ref_audio_ref_text,/Users/vanch/mlx-indextts2/outputs/groupchat_crosstalk_20260509_duo_auto_cleanrefs/clean_refs/0526_crosstalk_1868611-1871268_demucs_vocals.wav,您再解释解释，也是咱俩的事儿。,60
0024_speaker,models/Qwen3-TTS-official-mlx-int8,总结到位，医学和互联网双重祛魅。,/Users/vanch/tts_benchmarks/20260514_64row_compare/qwen3/0024_捧哏.wav,1.064512333017774,3.44,0.3094512595981901,捧哏,icl_ref_audio_ref_text,/Users/vanch/mlx-indextts2/outputs/groupchat_crosstalk_20260509_duo_auto_cleanrefs/clean_refs/0289_crosstalk_1020549-1022581_demucs_vocals.wav,老太太连翻身都翻不了了。,64
0025_speaker,models/Qwen3-TTS-official-mlx-int8,第三案，神仙打架。,/Users/vanch/tts_benchmarks/20260514_64row_compare/qwen3/0025_逗哏.wav,0.6412492080125958,1.76,0.3643461409162476,逗哏,icl_ref_audio_ref_text,/Users/vanch/mlx-indextts2/outputs/groupchat_crosstalk_20260509_duo_auto_cleanrefs/clean_refs/0526_crosstalk_1868611-1871268_demucs_vocals.wav,您再解释解释，也是咱俩的事儿。,48
0026_speaker,models/Qwen3-TTS-official-mlx-int8,什么神仙？,/Users/vanch/tts_benchmarks/20260514_64row_compare/qwen3/0026_捧哏.wav,0.31903254200005904,0.72,0.4431007527778598,捧哏,icl_ref_audio_ref_text,/Users/vanch/mlx-indextts2/outputs/groupchat_crosstalk_20260509_duo_auto_cleanrefs/clean_refs/0289_crosstalk_1020549-1022581_demucs_vocals.wav,老太太连翻身都翻不了了。,48
0027_speaker,models/Qwen3-TTS-official-mlx-int8,有人逆向 DeepSeek 安卓包，一块钱搞定。,/Users/vanch/tts_benchmarks/20260514_64row_compare/qwen3/0027_逗哏.wav,0.8999395000282675,2.8,0.32140696429580984,逗哏,icl_ref_audio_ref_text,/Users/vanch/mlx-indextts2/outputs/groupchat_crosstalk_20260509_duo_auto_cleanrefs/clean_refs/0526_crosstalk_1868611-1871268_demucs_vocals.wav,您再解释解释，也是咱俩的事儿。,88
0028_speaker,models/Qwen3-TTS-official-mlx-int8,一块钱？这叫技术吗？,/Users/vanch/tts_benchmarks/20260514_64row_compare/qwen3/0028_捧哏.wav,0.5938574169995263,1.6800416666666667,0.3534777909275224,捧哏,icl_ref_audio_ref_text,/Users/vanch/mlx-indextts2/outputs/groupchat_crosstalk_20260509_duo_auto_cleanrefs/clean_refs/0289_crosstalk_1020549-1022581_demucs_vocals.wav,老太太连翻身都翻不了了。,48
0029_speaker,models/Qwen3-TTS-official-mlx-int8,这叫把奥特曼手撸成拼多多版本。,/Users/vanch/tts_benchmarks/20260514_64row_compare/qwen3/0029_逗哏.wav,0.8311068330076523,2.48,0.3351237229869566,逗哏,icl_ref_audio_ref_text,/Users/vanch/mlx-indextts2/outputs/groupchat_crosstalk_20260509_duo_auto_cleanrefs/clean_refs/0526_crosstalk_1868611-1871268_demucs_vocals.wav,您再解释解释，也是咱俩的事儿。,60
0030_speaker,models/Qwen3-TTS-official-mlx-int8,然后群里又开始喷拼车二十倍 Pro。,/Users/vanch/tts_benchmarks/20260514_64row_compare/qwen3/0030_捧哏.wav,0.8208649589796551,2.56,0.32065037460142776,捧哏,icl_ref_audio_ref_text,/Users/vanch/mlx-indextts2/outputs/groupchat_crosstalk_20260509_duo_auto_cleanrefs/clean_refs/0289_crosstalk_1020549-1022581_demucs_vocals.wav,老太太连翻身都翻不了了。,68
0031_speaker,models/Qwen3-TTS-official-mlx-int8,说不是独立额度，跟正价有啥区别。,/Users/vanch/tts_benchmarks/20260514_64row_compare/qwen3/0031_逗哏.wav,0.9765840839827433,3.04,0.32124476446800765,逗哏,icl_ref_audio_ref_text,/Users/vanch/mlx-indextts2/outputs/groupchat_crosstalk_20260509_duo_auto_cleanrefs/clean_refs/0526_crosstalk_1868611-1871268_demucs_vocals.wav,您再解释解释，也是咱俩的事儿。,64
0032_speaker,models/Qwen3-TTS-official-mlx-int8,拼车拼到最后，发现司机也是乘客。,/Users/vanch/tts_benchmarks/20260514_64row_compare/qwen3/0032_捧哏.wav,1.0896800000336953,3.28,0.3322195122053949,捧哏,icl_ref_audio_ref_text,/Users/vanch/mlx-indextts2/outputs/groupchat_crosstalk_20260509_duo_auto_cleanrefs/clean_refs/0289_crosstalk_1020549-1022581_demucs_vocals.wav,老太太连翻身都翻不了了。,64
0033_speaker,models/Qwen3-TTS-official-mlx-int8,叶总还插播越南妹实战指南。,/Users/vanch/tts_benchmarks/20260514_64row_compare/qwen3/0033_逗哏.wav,0.925410334020853,2.64,0.3505342174321413,逗哏,icl_ref_audio_ref_text,/Users/vanch/mlx-indextts2/outputs/groupchat_crosstalk_20260509_duo_auto_cleanrefs/clean_refs/0526_crosstalk_1868611-1871268_demucs_vocals.wav,您再解释解释，也是咱俩的事儿。,52
0034_speaker,models/Qwen3-TTS-official-mlx-int8,技术群突然变情感夜校。,/Users/vanch/tts_benchmarks/20260514_64row_compare/qwen3/0034_捧哏.wav,0.6384470410412177,1.92,0.3325245005423009,捧哏,icl_ref_audio_ref_text,/Users/vanch/mlx-indextts2/outputs/groupchat_crosstalk_20260509_duo_auto_cleanrefs/clean_refs/0289_crosstalk_1020549-1022581_demucs_vocals.wav,老太太连翻身都翻不了了。,48
0035_speaker,models/Qwen3-TTS-official-mlx-int8,有人说印尼妹周抛，越南妹更香。,/Users/vanch/tts_benchmarks/20260514_64row_compare/qwen3/0035_逗哏.wav,0.9516479999874718,2.96,0.3215027026984702,逗哏,icl_ref_audio_ref_text,/Users/vanch/mlx-indextts2/outputs/groupchat_crosstalk_20260509_duo_auto_cleanrefs/clean_refs/0526_crosstalk_1868611-1871268_demucs_vocals.wav,您再解释解释，也是咱俩的事儿。,60
0036_speaker,models/Qwen3-TTS-official-mlx-int8,好家伙，API 有日抛，恋爱也开始按套餐计费了。,/Users/vanch/tts_benchmarks/20260514_64row_compare/qwen3/0036_捧哏.wav,1.3019880409701727,4.1883333333333335,0.3108606544298064,捧哏,icl_ref_audio_ref_text,/Users/vanch/mlx-indextts2/outputs/groupchat_crosstalk_20260509_duo_auto_cleanrefs/clean_refs/0289_crosstalk_1020549-1022581_demucs_vocals.wav,老太太连翻身都翻不了了。,92
0037_speaker,models/Qwen3-TTS-official-mlx-int8,第四案，赛博语录。,/Users/vanch/tts_benchmarks/20260514_64row_compare/qwen3/0037_逗哏.wav,0.5719479999970645,1.52,0.3762815789454371,逗哏,icl_ref_audio_ref_text,/Users/vanch/mlx-indextts2/outputs/groupchat_crosstalk_20260509_duo_auto_cleanrefs/clean_refs/0526_crosstalk_1868611-1871268_demucs_vocals.wav,您再解释解释，也是咱俩的事儿。,48
0038_speaker,models/Qwen3-TTS-official-mlx-int8,张赛博又来了？,/Users/vanch/tts_benchmarks/20260514_64row_compare/qwen3/0038_捧哏.wav,0.40104641701327637,1.04,0.385621554820458,捧哏,icl_ref_audio_ref_text,/Users/vanch/mlx-indextts2/outputs/groupchat_crosstalk_20260509_duo_auto_cleanrefs/clean_refs/0289_crosstalk_1020549-1022581_demucs_vocals.wav,老太太连翻身都翻不了了。,48
0039_speaker,models/Qwen3-TTS-official-mlx-int8,群友问他，是不是又被甩了。,/Users/vanch/tts_benchmarks/20260514_64row_compare/qwen3/0039_逗哏.wav,0.83365245902678,2.56,0.32564549180733593,逗哏,icl_ref_audio_ref_text,/Users/vanch/mlx-indextts2/outputs/groupchat_crosstalk_20260509_duo_auto_cleanrefs/clean_refs/0526_crosstalk_1868611-1871268_demucs_vocals.wav,您再解释解释，也是咱俩的事儿。,52
0040_speaker,models/Qwen3-TTS-official-mlx-int8,这不是问候，这是连续剧前情提要。,/Users/vanch/tts_benchmarks/20260514_64row_compare/qwen3/0040_捧哏.wav,1.1014560829498805,3.44,0.320190721787756,捧哏,icl_ref_audio_ref_text,/Users/vanch/mlx-indextts2/outputs/groupchat_crosstalk_20260509_duo_auto_cleanrefs/clean_refs/0289_crosstalk_1020549-1022581_demucs_vocals.wav,老太太连翻身都翻不了了。,64
0041_speaker,models/Qwen3-TTS-official-mlx-int8,刘总高调宣言，无人扶我青云志，争做修仙群最骚。,/Users/vanch/tts_benchmarks/20260514_64row_compare/qwen3/0041_逗哏.wav,1.5809330419870093,5.12,0.30877598476308776,逗哏,icl_ref_audio_ref_text,/Users/vanch/mlx-indextts2/outputs/groupchat_crosstalk_20260509_duo_auto_cleanrefs/clean_refs/0526_crosstalk_1868611-1871268_demucs_vocals.wav,您再解释解释，也是咱俩的事儿。,92
0042_speaker,models/Qwen3-TTS-official-mlx-int8,这志向，一听就没打算上岸。,/Users/vanch/tts_benchmarks/20260514_64row_compare/qwen3/0042_捧哏.wav,0.881089584028814,2.64,0.3337460545563689,捧哏,icl_ref_audio_ref_text,/Users/vanch/mlx-indextts2/outputs/groupchat_crosstalk_20260509_duo_auto_cleanrefs/clean_refs/0289_crosstalk_1020549-1022581_demucs_vocals.wav,老太太连翻身都翻不了了。,52
0043_speaker,models/Qwen3-TTS-official-mlx-int8,群友补刀，穷得只剩妹子了。,/Users/vanch/tts_benchmarks/20260514_64row_compare/qwen3/0043_逗哏.wav,0.8742584160063416,2.48,0.35252355484126674,逗哏,icl_ref_audio_ref_text,/Users/vanch/mlx-indextts2/outputs/groupchat_crosstalk_20260509_duo_auto_cleanrefs/clean_refs/0526_crosstalk_1868611-1871268_demucs_vocals.wav,您再解释解释，也是咱俩的事儿。,52
0044_speaker,models/Qwen3-TTS-official-mlx-int8,我第一次听见有人把破产说得像后宫番。,/Users/vanch/tts_benchmarks/20260514_64row_compare/qwen3/0044_捧哏.wav,0.9708071250352077,2.96,0.3279753800794621,捧哏,icl_ref_audio_ref_text,/Users/vanch/mlx-indextts2/outputs/groupchat_crosstalk_20260509_duo_auto_cleanrefs/clean_refs/0289_crosstalk_1020549-1022581_demucs_vocals.wav,老太太连翻身都翻不了了。,72
0045_speaker,models/Qwen3-TTS-official-mlx-int8,第五案，模型消息轰炸。,/Users/vanch/tts_benchmarks/20260514_64row_compare/qwen3/0045_逗哏.wav,0.7394206250319257,2.0,0.36971031251596287,逗哏,icl_ref_audio_ref_text,/Users/vanch/mlx-indextts2/outputs/groupchat_crosstalk_20260509_duo_auto_cleanrefs/clean_refs/0526_crosstalk_1868611-1871268_demucs_vocals.wav,您再解释解释，也是咱俩的事儿。,48
0046_speaker,models/Qwen3-TTS-official-mlx-int8,这群模型党一天不刷模型名就浑身难受。,/Users/vanch/tts_benchmarks/20260514_64row_compare/qwen3/0046_捧哏.wav,0.9321080410154536,3.04,0.30661448717613604,捧哏,icl_ref_audio_ref_text,/Users/vanch/mlx-indextts2/outputs/groupchat_crosstalk_20260509_duo_auto_cleanrefs/clean_refs/0289_crosstalk_1020549-1022581_demucs_vocals.wav,老太太连翻身都翻不了了。,72
0047_speaker,models/Qwen3-TTS-official-mlx-int8,Flux3 还没来，ZImage 已经被抛弃。,/Users/vanch/tts_benchmarks/20260514_64row_compare/qwen3/0047_逗哏.wav,0.9516495419666171,2.96,0.32150322363737066,逗哏,icl_ref_audio_ref_text,/Users/vanch/mlx-indextts2/outputs/groupchat_crosstalk_20260509_duo_auto_cleanrefs/clean_refs/0526_crosstalk_1868611-1871268_demucs_vocals.wav,您再解释解释，也是咱俩的事儿。,84
0048_speaker,models/Qwen3-TTS-official-mlx-int8,模型迭代太快，昨天是白月光，今天是压缩包。,/Users/vanch/tts_benchmarks/20260514_64row_compare/qwen3/0048_捧哏.wav,1.30436325003393,4.32,0.30193593750785414,捧哏,icl_ref_audio_ref_text,/Users/vanch/mlx-indextts2/outputs/groupchat_crosstalk_20260509_duo_auto_cleanrefs/clean_refs/0289_crosstalk_1020549-1022581_demucs_vocals.wav,老太太连翻身都翻不了了。,84
0049_speaker,models/Qwen3-TTS-official-mlx-int8,有人说 ZImage 有 SigLIP。,/Users/vanch/tts_benchmarks/20260514_64row_compare/qwen3/0049_逗哏.wav,0.8083535420009866,2.4,0.33681397583374445,逗哏,icl_ref_audio_ref_text,/Users/vanch/mlx-indextts2/outputs/groupchat_crosstalk_20260509_duo_auto_cleanrefs/clean_refs/0526_crosstalk_1868611-1871268_demucs_vocals.wav,您再解释解释，也是咱俩的事儿。,68
0050_speaker,models/Qwen3-TTS-official-mlx-int8,有也没用，群友移情别恋从来不看内在。,/Users/vanch/tts_benchmarks/20260514_64row_compare/qwen3/0050_捧哏.wav,0.9723919579992071,3.12,0.31166408910230997,捧哏,icl_ref_audio_ref_text,/Users/vanch/mlx-indextts2/outputs/groupchat_crosstalk_20260509_duo_auto_cleanrefs/clean_refs/0289_crosstalk_1020549-1022581_demucs_vocals.wav,老太太连翻身都翻不了了。,72
0051_speaker,models/Qwen3-TTS-official-mlx-int8,最后一句神评，过期的模型不要扔，开一开源，隔壁小孩馋哭了。,/Users/vanch/tts_benchmarks/20260514_64row_compare/qwen3/0051_逗哏.wav,1.7212260830565356,5.68,0.30303276110150273,逗哏,icl_ref_audio_ref_text,/Users/vanch/mlx-indextts2/outputs/groupchat_crosstalk_20260509_duo_auto_cleanrefs/clean_refs/0526_crosstalk_1868611-1871268_demucs_vocals.wav,您再解释解释，也是咱俩的事儿。,116
0052_speaker,models/Qwen3-TTS-official-mlx-int8,这不叫开源，这叫 AI 界剩菜盲盒。,/Users/vanch/tts_benchmarks/20260514_64row_compare/qwen3/0052_捧哏.wav,1.1052770420210436,3.52,0.3139991596650692,捧哏,icl_ref_audio_ref_text,/Users/vanch/mlx-indextts2/outputs/groupchat_crosstalk_20260509_duo_auto_cleanrefs/clean_refs/0289_crosstalk_1020549-1022581_demucs_vocals.wav,老太太连翻身都翻不了了。,64
0053_speaker,models/Qwen3-TTS-official-mlx-int8,今日龙王榜也很精彩。,/Users/vanch/tts_benchmarks/20260514_64row_compare/qwen3/0053_逗哏.wav,0.56436424999265,1.52,0.3712922697320066,逗哏,icl_ref_audio_ref_text,/Users/vanch/mlx-indextts2/outputs/groupchat_crosstalk_20260509_duo_auto_cleanrefs/clean_refs/0526_crosstalk_1868611-1871268_demucs_vocals.wav,您再解释解释，也是咱俩的事儿。,48
0054_speaker,models/Qwen3-TTS-official-mlx-int8,第一名红领少年小修士，六十六条，专注水群卖号和哥哥真好。,/Users/vanch/tts_benchmarks/20260514_64row_compare/qwen3/0054_捧哏.wav,1.8624822910060175,6.16,0.30235102126721064,捧哏,icl_ref_audio_ref_text,/Users/vanch/mlx-indextts2/outputs/groupchat_crosstalk_20260509_duo_auto_cleanrefs/clean_refs/0289_crosstalk_1020549-1022581_demucs_vocals.wav,老太太连翻身都翻不了了。,112
0055_speaker,models/Qwen3-TTS-official-mlx-int8,第二名土狗道人，六十三条，创业未半，闲鱼先崩。,/Users/vanch/tts_benchmarks/20260514_64row_compare/qwen3/0055_逗哏.wav,1.3959556249901652,4.48,0.311597237721019,逗哏,icl_ref_audio_ref_text,/Users/vanch/mlx-indextts2/outputs/groupchat_crosstalk_20260509_duo_auto_cleanrefs/clean_refs/0526_crosstalk_1868611-1871268_demucs_vocals.wav,您再解释解释，也是咱俩的事儿。,92
0056_speaker,models/Qwen3-TTS-official-mlx-int8,第三名晗萧，五十三条，模型研究狂，问题比参数还多。,/Users/vanch/tts_benchmarks/20260514_64row_compare/qwen3/0056_捧哏.wav,1.835716166999191,6.08,0.30192700115118276,捧哏,icl_ref_audio_ref_text,/Users/vanch/mlx-indextts2/outputs/groupchat_crosstalk_20260509_duo_auto_cleanrefs/clean_refs/0289_crosstalk_1020549-1022581_demucs_vocals.wav,老太太连翻身都翻不了了。,100
0057_speaker,models/Qwen3-TTS-official-mlx-int8,第四名叶总，四十八条，从越南撩妹到 Codex 羊毛，全栈散修。,/Users/vanch/tts_benchmarks/20260514_64row_compare/qwen3/0057_逗哏.wav,1.7070993749657646,5.44,0.31380503216282435,逗哏,icl_ref_audio_ref_text,/Users/vanch/mlx-indextts2/outputs/groupchat_crosstalk_20260509_duo_auto_cleanrefs/clean_refs/0526_crosstalk_1868611-1871268_demucs_vocals.wav,您再解释解释，也是咱俩的事儿。,120
0058_speaker,models/Qwen3-TTS-official-mlx-int8,第五名二舟，四十五条，负责精准吐槽，专治群友膨胀。,/Users/vanch/tts_benchmarks/20260514_64row_compare/qwen3/0058_捧哏.wav,1.7944769999594428,5.84,0.30727345889716484,捧哏,icl_ref_audio_ref_text,/Users/vanch/mlx-indextts2/outputs/groupchat_crosstalk_20260509_duo_auto_cleanrefs/clean_refs/0289_crosstalk_1020549-1022581_demucs_vocals.wav,老太太连翻身都翻不了了。,100
0059_speaker,models/Qwen3-TTS-official-mlx-int8,总结一下，今天这个群，从薅羊毛到撩妹，从逆向到住院。,/Users/vanch/tts_benchmarks/20260514_64row_compare/qwen3/0059_逗哏.wav,1.663146958046127,5.36,0.31028861157577,逗哏,icl_ref_audio_ref_text,/Users/vanch/mlx-indextts2/outputs/groupchat_crosstalk_20260509_duo_auto_cleanrefs/clean_refs/0526_crosstalk_1868611-1871268_demucs_vocals.wav,您再解释解释，也是咱俩的事儿。,104
0060_speaker,models/Qwen3-TTS-official-mlx-int8,听着像技术交流。,/Users/vanch/tts_benchmarks/20260514_64row_compare/qwen3/0060_捧哏.wav,0.5689027080079541,1.36,0.41831081471173087,捧哏,icl_ref_audio_ref_text,/Users/vanch/mlx-indextts2/outputs/groupchat_crosstalk_20260509_duo_auto_cleanrefs/clean_refs/0289_crosstalk_1020549-1022581_demucs_vocals.wav,老太太连翻身都翻不了了。,48
0061_speaker,models/Qwen3-TTS-official-mlx-int8,实际上呢？,/Users/vanch/tts_benchmarks/20260514_64row_compare/qwen3/0061_逗哏.wav,0.3527772920206189,0.8,0.44097161502577364,逗哏,icl_ref_audio_ref_text,/Users/vanch/mlx-indextts2/outputs/groupchat_crosstalk_20260509_duo_auto_cleanrefs/clean_refs/0526_crosstalk_1868611-1871268_demucs_vocals.wav,您再解释解释，也是咱俩的事儿。,48
0062_speaker,models/Qwen3-TTS-official-mlx-int8,AI 界吐槽大会，加荒野求生，加情感调解，再加肾内科会诊。,/Users/vanch/tts_benchmarks/20260514_64row_compare/qwen3/0062_捧哏.wav,1.6279200839926489,5.28,0.3083181977258804,捧哏,icl_ref_audio_ref_text,/Users/vanch/mlx-indextts2/outputs/groupchat_crosstalk_20260509_duo_auto_cleanrefs/clean_refs/0289_crosstalk_1020549-1022581_demucs_vocals.wav,老太太连翻身都翻不了了。,112
0063_speaker,models/Qwen3-TTS-official-mlx-int8,一句话，修仙群没有神仙。,/Users/vanch/tts_benchmarks/20260514_64row_compare/qwen3/0063_逗哏.wav,0.7580475829890929,2.24,0.33841409954870216,逗哏,icl_ref_audio_ref_text,/Users/vanch/mlx-indextts2/outputs/groupchat_crosstalk_20260509_duo_auto_cleanrefs/clean_refs/0526_crosstalk_1868611-1871268_demucs_vocals.wav,您再解释解释，也是咱俩的事儿。,48
0064_speaker,models/Qwen3-TTS-official-mlx-int8,全是熬夜抢额度的赛博散修。,/Users/vanch/tts_benchmarks/20260514_64row_compare/qwen3/0064_捧哏.wav,0.8021135419839993,2.56,0.31332560233749973,捧哏,icl_ref_audio_ref_text,/Users/vanch/mlx-indextts2/outputs/groupchat_crosstalk_20260509_duo_auto_cleanrefs/clean_refs/0289_crosstalk_1020549-1022581_demucs_vocals.wav,老太太连翻身都翻不了了。,52
