index,id,speaker,text,ref_audio,emotion_ref_audio,emotion,emo_alpha,output_path,model,version,duration_s,elapsed_s,rtf,emotion_source,emotion_json,dominant_emotion,qwen_elapsed_s,qwen_raw_text,output_wav,backend,model_dir,quantization,max_len
1,0001_speaker,逗哏,各位观众，欢迎收听今日 AI 修仙群瞎哔哔报告。,/Users/vanch/mlx-indextts2/outputs/fjymb_library_final/work/clips/0222_crosstalk_0783190-0786560.wav,/Users/vanch/mlx-indextts2/outputs/fjymb_library_final/work/clips/0222_crosstalk_0783190-0786560.wav,,0.55,outputs/groupchat_crosstalk_20260509_scene_ref/audio/0001_0001_speaker.wav,models/mlx-indexTTS2-standard-8bit,2.0,4.1600,2.5051,0.6022,reference,,,,,/Users/vanch/tts_benchmarks/mlx_four_backend_full64_cleanrefs_20260516/voxcpm2/segments/0001_0001_speaker.wav,native,models/VoxCPM2-official-mlx-int8-components,mlx-int8-linear,36
2,0002_speaker,捧哏,今天这群不叫聊天群。,/Users/vanch/mlx-indextts2/outputs/fjymb_library_final/work/clips/0071_crosstalk_0215374-0217032.wav,/Users/vanch/mlx-indextts2/outputs/fjymb_library_final/work/clips/0071_crosstalk_0215374-0217032.wav,,0.58,outputs/groupchat_crosstalk_20260509_scene_ref/audio/0002_0002_speaker.wav,models/mlx-indexTTS2-standard-8bit,2.0,1.4400,0.3640,0.2528,reference,,,,,/Users/vanch/tts_benchmarks/mlx_four_backend_full64_cleanrefs_20260516/voxcpm2/segments/0002_0002_speaker.wav,native,models/VoxCPM2-official-mlx-int8-components,mlx-int8-linear,24
3,0003_speaker,逗哏,那叫什么？,/Users/vanch/mlx-indextts2/outputs/fjymb_library_final/work/clips/0222_crosstalk_0783190-0786560.wav,/Users/vanch/mlx-indextts2/outputs/fjymb_library_final/work/clips/0411_crosstalk_1496417-1497956.wav,,0.7,outputs/groupchat_crosstalk_20260509_scene_ref/audio/0003_0003_speaker.wav,models/mlx-indexTTS2-standard-8bit,2.0,0.4800,0.1951,0.4064,reference,,,,,/Users/vanch/tts_benchmarks/mlx_four_backend_full64_cleanrefs_20260516/voxcpm2/segments/0003_0003_speaker.wav,native,models/VoxCPM2-official-mlx-int8-components,mlx-int8-linear,24
4,0004_speaker,捧哏,叫羊毛批发市场，顺便卖点人生苦难。,/Users/vanch/mlx-indextts2/outputs/fjymb_library_final/work/clips/0071_crosstalk_0215374-0217032.wav,/Users/vanch/mlx-indextts2/outputs/fjymb_library_final/work/clips/0077_crosstalk_0237975-0240670.wav,,0.74,outputs/groupchat_crosstalk_20260509_scene_ref/audio/0004_0004_speaker.wav,models/mlx-indexTTS2-standard-8bit,2.0,4.1600,0.8848,0.2127,reference,,,,,/Users/vanch/tts_benchmarks/mlx_four_backend_full64_cleanrefs_20260516/voxcpm2/segments/0004_0004_speaker.wav,native,models/VoxCPM2-official-mlx-int8-components,mlx-int8-linear,27
5,0005_speaker,逗哏,先说第一案，薅羊毛大战。,/Users/vanch/mlx-indextts2/outputs/fjymb_library_final/work/clips/0222_crosstalk_0783190-0786560.wav,/Users/vanch/mlx-indextts2/outputs/fjymb_library_final/work/clips/0222_crosstalk_0783190-0786560.wav,,0.56,outputs/groupchat_crosstalk_20260509_scene_ref/audio/0005_0005_speaker.wav,models/mlx-indexTTS2-standard-8bit,2.0,2.5600,0.6042,0.2360,reference,,,,,/Users/vanch/tts_benchmarks/mlx_four_backend_full64_cleanrefs_20260516/voxcpm2/segments/0005_0005_speaker.wav,native,models/VoxCPM2-official-mlx-int8-components,mlx-int8-linear,24
6,0006_speaker,捧哏,这个我熟，日抛号，周抛号，共享额度，反重力废了改 Codex。,/Users/vanch/mlx-indextts2/outputs/fjymb_library_final/work/clips/0071_crosstalk_0215374-0217032.wav,/Users/vanch/mlx-indextts2/outputs/fjymb_library_final/work/clips/0077_crosstalk_0237975-0240670.wav,,0.72,outputs/groupchat_crosstalk_20260509_scene_ref/audio/0006_0006_speaker.wav,models/mlx-indexTTS2-standard-8bit,2.0,5.7600,1.2121,0.2104,reference,,,,,/Users/vanch/tts_benchmarks/mlx_four_backend_full64_cleanrefs_20260516/voxcpm2/segments/0006_0006_speaker.wav,native,models/VoxCPM2-official-mlx-int8-components,mlx-int8-linear,45
7,0007_speaker,逗哏,还有人双开 Codex。,/Users/vanch/mlx-indextts2/outputs/fjymb_library_final/work/clips/0222_crosstalk_0783190-0786560.wav,/Users/vanch/mlx-indextts2/outputs/fjymb_library_final/work/clips/0411_crosstalk_1496417-1497956.wav,,0.76,outputs/groupchat_crosstalk_20260509_scene_ref/audio/0007_0007_speaker.wav,models/mlx-indexTTS2-standard-8bit,2.0,2.2400,0.5459,0.2437,reference,,,,,/Users/vanch/tts_benchmarks/mlx_four_backend_full64_cleanrefs_20260516/voxcpm2/segments/0007_0007_speaker.wav,native,models/VoxCPM2-official-mlx-int8-components,mlx-int8-linear,24
8,0008_speaker,捧哏,好家伙，别人双开游戏，他双开牛马。,/Users/vanch/mlx-indextts2/outputs/fjymb_library_final/work/clips/0071_crosstalk_0215374-0217032.wav,/Users/vanch/mlx-indextts2/outputs/fjymb_library_final/work/clips/0325_crosstalk_1178247-1185150.wav,,0.64,outputs/groupchat_crosstalk_20260509_scene_ref/audio/0008_0008_speaker.wav,models/mlx-indexTTS2-standard-8bit,2.0,3.2000,0.6993,0.2185,reference,,,,,/Users/vanch/tts_benchmarks/mlx_four_backend_full64_cleanrefs_20260516/voxcpm2/segments/0008_0008_speaker.wav,native,models/VoxCPM2-official-mlx-int8-components,mlx-int8-linear,25
9,0009_speaker,逗哏,叶总深夜总结，牛马都是跟着羊毛走的。,/Users/vanch/mlx-indextts2/outputs/fjymb_library_final/work/clips/0222_crosstalk_0783190-0786560.wav,/Users/vanch/mlx-indextts2/outputs/fjymb_library_final/work/clips/0075_crosstalk_0230717-0236108.wav,,0.72,outputs/groupchat_crosstalk_20260509_scene_ref/audio/0009_0009_speaker.wav,models/mlx-indexTTS2-standard-8bit,2.0,3.3600,0.7620,0.2268,reference,,,,,/Users/vanch/tts_benchmarks/mlx_four_backend_full64_cleanrefs_20260516/voxcpm2/segments/0009_0009_speaker.wav,native,models/VoxCPM2-official-mlx-int8-components,mlx-int8-linear,29
10,0010_speaker,捧哏,这话扎心了。,/Users/vanch/mlx-indextts2/outputs/fjymb_library_final/work/clips/0071_crosstalk_0215374-0217032.wav,/Users/vanch/mlx-indextts2/outputs/fjymb_library_final/work/clips/0512_crosstalk_1813956-1816924.wav,,0.62,outputs/groupchat_crosstalk_20260509_scene_ref/audio/0010_0010_speaker.wav,models/mlx-indexTTS2-standard-8bit,2.0,1.9200,0.4481,0.2334,reference,,,,,/Users/vanch/tts_benchmarks/mlx_four_backend_full64_cleanrefs_20260516/voxcpm2/segments/0010_0010_speaker.wav,native,models/VoxCPM2-official-mlx-int8-components,mlx-int8-linear,24
11,0011_speaker,逗哏,更扎心的是，被 AI 训练成只睡五小时。,/Users/vanch/mlx-indextts2/outputs/fjymb_library_final/work/clips/0222_crosstalk_0783190-0786560.wav,/Users/vanch/mlx-indextts2/outputs/fjymb_library_final/work/clips/0512_crosstalk_1813956-1816924.wav,,0.66,outputs/groupchat_crosstalk_20260509_scene_ref/audio/0011_0011_speaker.wav,models/mlx-indexTTS2-standard-8bit,2.0,3.5200,0.7950,0.2258,reference,,,,,/Users/vanch/tts_benchmarks/mlx_four_backend_full64_cleanrefs_20260516/voxcpm2/segments/0011_0011_speaker.wav,native,models/VoxCPM2-official-mlx-int8-components,mlx-int8-linear,29
12,0012_speaker,捧哏,以前熬夜是为了爱情，现在熬夜是为了额度刷新。,/Users/vanch/mlx-indextts2/outputs/fjymb_library_final/work/clips/0071_crosstalk_0215374-0217032.wav,/Users/vanch/mlx-indextts2/outputs/fjymb_library_final/work/clips/0077_crosstalk_0237975-0240670.wav,,0.72,outputs/groupchat_crosstalk_20260509_scene_ref/audio/0012_0012_speaker.wav,models/mlx-indexTTS2-standard-8bit,2.0,4.1600,0.8936,0.2148,reference,,,,,/Users/vanch/tts_benchmarks/mlx_four_backend_full64_cleanrefs_20260516/voxcpm2/segments/0012_0012_speaker.wav,native,models/VoxCPM2-official-mlx-int8-components,mlx-int8-linear,36
13,0013_speaker,逗哏,第二案，土狗道人的血泪创业史。,/Users/vanch/mlx-indextts2/outputs/fjymb_library_final/work/clips/0222_crosstalk_0783190-0786560.wav,/Users/vanch/mlx-indextts2/outputs/fjymb_library_final/work/clips/0222_crosstalk_0783190-0786560.wav,,0.56,outputs/groupchat_crosstalk_20260509_scene_ref/audio/0013_0013_speaker.wav,models/mlx-indexTTS2-standard-8bit,2.0,3.8400,0.8596,0.2239,reference,,,,,/Users/vanch/tts_benchmarks/mlx_four_backend_full64_cleanrefs_20260516/voxcpm2/segments/0013_0013_speaker.wav,native,models/VoxCPM2-official-mlx-int8-components,mlx-int8-linear,24
14,0014_speaker,捧哏,听名字就像开局一条狗，装备全靠封。,/Users/vanch/mlx-indextts2/outputs/fjymb_library_final/work/clips/0071_crosstalk_0215374-0217032.wav,/Users/vanch/mlx-indextts2/outputs/fjymb_library_final/work/clips/0077_crosstalk_0237975-0240670.wav,,0.75,outputs/groupchat_crosstalk_20260509_scene_ref/audio/0014_0014_speaker.wav,models/mlx-indexTTS2-standard-8bit,2.0,3.6800,0.7941,0.2158,reference,,,,,/Users/vanch/tts_benchmarks/mlx_four_backend_full64_cleanrefs_20260516/voxcpm2/segments/0014_0014_speaker.wav,native,models/VoxCPM2-official-mlx-int8-components,mlx-int8-linear,27
15,0015_speaker,逗哏,他本来想卖 Plus 号，大干一场。,/Users/vanch/mlx-indextts2/outputs/fjymb_library_final/work/clips/0222_crosstalk_0783190-0786560.wav,/Users/vanch/mlx-indextts2/outputs/fjymb_library_final/work/clips/0222_crosstalk_0783190-0786560.wav,,0.58,outputs/groupchat_crosstalk_20260509_scene_ref/audio/0015_0015_speaker.wav,models/mlx-indexTTS2-standard-8bit,2.0,2.4000,0.5811,0.2421,reference,,,,,/Users/vanch/tts_benchmarks/mlx_four_backend_full64_cleanrefs_20260516/voxcpm2/segments/0015_0015_speaker.wav,native,models/VoxCPM2-official-mlx-int8-components,mlx-int8-linear,25
16,0016_speaker,捧哏,然后呢？,/Users/vanch/mlx-indextts2/outputs/fjymb_library_final/work/clips/0071_crosstalk_0215374-0217032.wav,/Users/vanch/mlx-indextts2/outputs/fjymb_library_final/work/clips/0324_crosstalk_1174530-1178247.wav,,0.68,outputs/groupchat_crosstalk_20260509_scene_ref/audio/0016_0016_speaker.wav,models/mlx-indexTTS2-standard-8bit,2.0,0.8000,0.2294,0.2867,reference,,,,,/Users/vanch/tts_benchmarks/mlx_four_backend_full64_cleanrefs_20260516/voxcpm2/segments/0016_0016_speaker.wav,native,models/VoxCPM2-official-mlx-int8-components,mlx-int8-linear,24
17,0017_speaker,逗哏,闲鱼光速封号。,/Users/vanch/mlx-indextts2/outputs/fjymb_library_final/work/clips/0222_crosstalk_0783190-0786560.wav,/Users/vanch/mlx-indextts2/outputs/fjymb_library_final/work/clips/0289_crosstalk_1020549-1022581.wav,,0.78,outputs/groupchat_crosstalk_20260509_scene_ref/audio/0017_0017_speaker.wav,models/mlx-indexTTS2-standard-8bit,2.0,1.2800,0.3616,0.2825,reference,,,,,/Users/vanch/tts_benchmarks/mlx_four_backend_full64_cleanrefs_20260516/voxcpm2/segments/0017_0017_speaker.wav,native,models/VoxCPM2-official-mlx-int8-components,mlx-int8-linear,24
18,0018_speaker,捧哏,这不叫创业，这叫平台给你做法事。,/Users/vanch/mlx-indextts2/outputs/fjymb_library_final/work/clips/0071_crosstalk_0215374-0217032.wav,/Users/vanch/mlx-indextts2/outputs/fjymb_library_final/work/clips/0325_crosstalk_1178247-1185150.wav,,0.7,outputs/groupchat_crosstalk_20260509_scene_ref/audio/0018_0018_speaker.wav,models/mlx-indexTTS2-standard-8bit,2.0,4.0000,0.8498,0.2124,reference,,,,,/Users/vanch/tts_benchmarks/mlx_four_backend_full64_cleanrefs_20260516/voxcpm2/segments/0018_0018_speaker.wav,native,models/VoxCPM2-official-mlx-int8-components,mlx-int8-linear,25
19,0019_speaker,逗哏,更离谱的是，他还被小红书忽悠去了西藏。,/Users/vanch/mlx-indextts2/outputs/fjymb_library_final/work/clips/0222_crosstalk_0783190-0786560.wav,/Users/vanch/mlx-indextts2/outputs/fjymb_library_final/work/clips/0411_crosstalk_1496417-1497956.wav,,0.72,outputs/groupchat_crosstalk_20260509_scene_ref/audio/0019_0019_speaker.wav,models/mlx-indexTTS2-standard-8bit,2.0,3.6800,0.8290,0.2253,reference,,,,,/Users/vanch/tts_benchmarks/mlx_four_backend_full64_cleanrefs_20260516/voxcpm2/segments/0019_0019_speaker.wav,native,models/VoxCPM2-official-mlx-int8-components,mlx-int8-linear,31
20,0020_speaker,捧哏,说走就走？,/Users/vanch/mlx-indextts2/outputs/fjymb_library_final/work/clips/0071_crosstalk_0215374-0217032.wav,/Users/vanch/mlx-indextts2/outputs/fjymb_library_final/work/clips/0324_crosstalk_1174530-1178247.wav,,0.68,outputs/groupchat_crosstalk_20260509_scene_ref/audio/0020_0020_speaker.wav,models/mlx-indexTTS2-standard-8bit,2.0,1.1200,0.2962,0.2645,reference,,,,,/Users/vanch/tts_benchmarks/mlx_four_backend_full64_cleanrefs_20260516/voxcpm2/segments/0020_0020_speaker.wav,native,models/VoxCPM2-official-mlx-int8-components,mlx-int8-linear,24
21,0021_speaker,逗哏,说疼就疼。肾结石加高反，直接飞回。,/Users/vanch/mlx-indextts2/outputs/fjymb_library_final/work/clips/0222_crosstalk_0783190-0786560.wav,/Users/vanch/mlx-indextts2/outputs/fjymb_library_final/work/clips/0512_crosstalk_1813956-1816924.wav,,0.7,outputs/groupchat_crosstalk_20260509_scene_ref/audio/0021_0021_speaker.wav,models/mlx-indexTTS2-standard-8bit,2.0,3.5200,0.8062,0.2290,reference,,,,,/Users/vanch/tts_benchmarks/mlx_four_backend_full64_cleanrefs_20260516/voxcpm2/segments/0021_0021_speaker.wav,native,models/VoxCPM2-official-mlx-int8-components,mlx-int8-linear,25
22,0022_speaker,捧哏,别人去西藏净化心灵，他去西藏净化肾结石。,/Users/vanch/mlx-indextts2/outputs/fjymb_library_final/work/clips/0071_crosstalk_0215374-0217032.wav,/Users/vanch/mlx-indextts2/outputs/fjymb_library_final/work/clips/0077_crosstalk_0237975-0240670.wav,,0.78,outputs/groupchat_crosstalk_20260509_scene_ref/audio/0022_0022_speaker.wav,models/mlx-indexTTS2-standard-8bit,2.0,4.1600,0.8958,0.2153,reference,,,,,/Users/vanch/tts_benchmarks/mlx_four_backend_full64_cleanrefs_20260516/voxcpm2/segments/0022_0022_speaker.wav,native,models/VoxCPM2-official-mlx-int8-components,mlx-int8-linear,32
23,0023_speaker,逗哏,回来一句，小红书最多看看擦边。,/Users/vanch/mlx-indextts2/outputs/fjymb_library_final/work/clips/0222_crosstalk_0783190-0786560.wav,/Users/vanch/mlx-indextts2/outputs/fjymb_library_final/work/clips/0289_crosstalk_1020549-1022581.wav,,0.74,outputs/groupchat_crosstalk_20260509_scene_ref/audio/0023_0023_speaker.wav,models/mlx-indexTTS2-standard-8bit,2.0,3.8400,0.8798,0.2291,reference,,,,,/Users/vanch/tts_benchmarks/mlx_four_backend_full64_cleanrefs_20260516/voxcpm2/segments/0023_0023_speaker.wav,native,models/VoxCPM2-official-mlx-int8-components,mlx-int8-linear,24
24,0024_speaker,捧哏,总结到位，医学和互联网双重祛魅。,/Users/vanch/mlx-indextts2/outputs/fjymb_library_final/work/clips/0071_crosstalk_0215374-0217032.wav,/Users/vanch/mlx-indextts2/outputs/fjymb_library_final/work/clips/0077_crosstalk_0237975-0240670.wav,,0.76,outputs/groupchat_crosstalk_20260509_scene_ref/audio/0024_0024_speaker.wav,models/mlx-indexTTS2-standard-8bit,2.0,4.0000,0.8457,0.2114,reference,,,,,/Users/vanch/tts_benchmarks/mlx_four_backend_full64_cleanrefs_20260516/voxcpm2/segments/0024_0024_speaker.wav,native,models/VoxCPM2-official-mlx-int8-components,mlx-int8-linear,25
25,0025_speaker,逗哏,第三案，神仙打架。,/Users/vanch/mlx-indextts2/outputs/fjymb_library_final/work/clips/0222_crosstalk_0783190-0786560.wav,/Users/vanch/mlx-indextts2/outputs/fjymb_library_final/work/clips/0222_crosstalk_0783190-0786560.wav,,0.56,outputs/groupchat_crosstalk_20260509_scene_ref/audio/0025_0025_speaker.wav,models/mlx-indexTTS2-standard-8bit,2.0,2.2400,0.5491,0.2451,reference,,,,,/Users/vanch/tts_benchmarks/mlx_four_backend_full64_cleanrefs_20260516/voxcpm2/segments/0025_0025_speaker.wav,native,models/VoxCPM2-official-mlx-int8-components,mlx-int8-linear,24
26,0026_speaker,捧哏,什么神仙？,/Users/vanch/mlx-indextts2/outputs/fjymb_library_final/work/clips/0071_crosstalk_0215374-0217032.wav,/Users/vanch/mlx-indextts2/outputs/fjymb_library_final/work/clips/0324_crosstalk_1174530-1178247.wav,,0.68,outputs/groupchat_crosstalk_20260509_scene_ref/audio/0026_0026_speaker.wav,models/mlx-indexTTS2-standard-8bit,2.0,0.8000,0.2242,0.2802,reference,,,,,/Users/vanch/tts_benchmarks/mlx_four_backend_full64_cleanrefs_20260516/voxcpm2/segments/0026_0026_speaker.wav,native,models/VoxCPM2-official-mlx-int8-components,mlx-int8-linear,24
27,0027_speaker,逗哏,有人逆向 DeepSeek 安卓包，一块钱搞定。,/Users/vanch/mlx-indextts2/outputs/fjymb_library_final/work/clips/0222_crosstalk_0783190-0786560.wav,/Users/vanch/mlx-indextts2/outputs/fjymb_library_final/work/clips/0222_crosstalk_0783190-0786560.wav,,0.6,outputs/groupchat_crosstalk_20260509_scene_ref/audio/0027_0027_speaker.wav,models/mlx-indexTTS2-standard-8bit,2.0,3.3600,0.7965,0.2371,reference,,,,,/Users/vanch/tts_benchmarks/mlx_four_backend_full64_cleanrefs_20260516/voxcpm2/segments/0027_0027_speaker.wav,native,models/VoxCPM2-official-mlx-int8-components,mlx-int8-linear,36
28,0028_speaker,捧哏,一块钱？这叫技术吗？,/Users/vanch/mlx-indextts2/outputs/fjymb_library_final/work/clips/0071_crosstalk_0215374-0217032.wav,/Users/vanch/mlx-indextts2/outputs/fjymb_library_final/work/clips/0324_crosstalk_1174530-1178247.wav,,0.76,outputs/groupchat_crosstalk_20260509_scene_ref/audio/0028_0028_speaker.wav,models/mlx-indexTTS2-standard-8bit,2.0,2.0800,0.4906,0.2359,reference,,,,,/Users/vanch/tts_benchmarks/mlx_four_backend_full64_cleanrefs_20260516/voxcpm2/segments/0028_0028_speaker.wav,native,models/VoxCPM2-official-mlx-int8-components,mlx-int8-linear,24
29,0029_speaker,逗哏,这叫把奥特曼手撸成拼多多版本。,/Users/vanch/mlx-indextts2/outputs/fjymb_library_final/work/clips/0222_crosstalk_0783190-0786560.wav,/Users/vanch/mlx-indextts2/outputs/fjymb_library_final/work/clips/0075_crosstalk_0230717-0236108.wav,,0.75,outputs/groupchat_crosstalk_20260509_scene_ref/audio/0029_0029_speaker.wav,models/mlx-indexTTS2-standard-8bit,2.0,2.7200,0.6398,0.2352,reference,,,,,/Users/vanch/tts_benchmarks/mlx_four_backend_full64_cleanrefs_20260516/voxcpm2/segments/0029_0029_speaker.wav,native,models/VoxCPM2-official-mlx-int8-components,mlx-int8-linear,25
30,0030_speaker,捧哏,然后群里又开始喷拼车二十倍 Pro。,/Users/vanch/mlx-indextts2/outputs/fjymb_library_final/work/clips/0071_crosstalk_0215374-0217032.wav,/Users/vanch/mlx-indextts2/outputs/fjymb_library_final/work/clips/0071_crosstalk_0215374-0217032.wav,,0.58,outputs/groupchat_crosstalk_20260509_scene_ref/audio/0030_0030_speaker.wav,models/mlx-indexTTS2-standard-8bit,2.0,3.0400,0.6657,0.2190,reference,,,,,/Users/vanch/tts_benchmarks/mlx_four_backend_full64_cleanrefs_20260516/voxcpm2/segments/0030_0030_speaker.wav,native,models/VoxCPM2-official-mlx-int8-components,mlx-int8-linear,29
31,0031_speaker,逗哏,说不是独立额度，跟正价有啥区别。,/Users/vanch/mlx-indextts2/outputs/fjymb_library_final/work/clips/0222_crosstalk_0783190-0786560.wav,/Users/vanch/mlx-indextts2/outputs/fjymb_library_final/work/clips/0289_crosstalk_1020549-1022581.wav,,0.76,outputs/groupchat_crosstalk_20260509_scene_ref/audio/0031_0031_speaker.wav,models/mlx-indexTTS2-standard-8bit,2.0,3.5200,0.7967,0.2263,reference,,,,,/Users/vanch/tts_benchmarks/mlx_four_backend_full64_cleanrefs_20260516/voxcpm2/segments/0031_0031_speaker.wav,native,models/VoxCPM2-official-mlx-int8-components,mlx-int8-linear,25
32,0032_speaker,捧哏,拼车拼到最后，发现司机也是乘客。,/Users/vanch/mlx-indextts2/outputs/fjymb_library_final/work/clips/0071_crosstalk_0215374-0217032.wav,/Users/vanch/mlx-indextts2/outputs/fjymb_library_final/work/clips/0325_crosstalk_1178247-1185150.wav,,0.7,outputs/groupchat_crosstalk_20260509_scene_ref/audio/0032_0032_speaker.wav,models/mlx-indexTTS2-standard-8bit,2.0,3.6800,0.7935,0.2156,reference,,,,,/Users/vanch/tts_benchmarks/mlx_four_backend_full64_cleanrefs_20260516/voxcpm2/segments/0032_0032_speaker.wav,native,models/VoxCPM2-official-mlx-int8-components,mlx-int8-linear,25
33,0033_speaker,逗哏,叶总还插播越南妹实战指南。,/Users/vanch/mlx-indextts2/outputs/fjymb_library_final/work/clips/0222_crosstalk_0783190-0786560.wav,/Users/vanch/mlx-indextts2/outputs/fjymb_library_final/work/clips/0222_crosstalk_0783190-0786560.wav,,0.56,outputs/groupchat_crosstalk_20260509_scene_ref/audio/0033_0033_speaker.wav,models/mlx-indexTTS2-standard-8bit,2.0,2.8800,0.6697,0.2325,reference,,,,,/Users/vanch/tts_benchmarks/mlx_four_backend_full64_cleanrefs_20260516/voxcpm2/segments/0033_0033_speaker.wav,native,models/VoxCPM2-official-mlx-int8-components,mlx-int8-linear,24
34,0034_speaker,捧哏,技术群突然变情感夜校。,/Users/vanch/mlx-indextts2/outputs/fjymb_library_final/work/clips/0071_crosstalk_0215374-0217032.wav,/Users/vanch/mlx-indextts2/outputs/fjymb_library_final/work/clips/0324_crosstalk_1174530-1178247.wav,,0.72,outputs/groupchat_crosstalk_20260509_scene_ref/audio/0034_0034_speaker.wav,models/mlx-indexTTS2-standard-8bit,2.0,2.4000,0.5375,0.2240,reference,,,,,/Users/vanch/tts_benchmarks/mlx_four_backend_full64_cleanrefs_20260516/voxcpm2/segments/0034_0034_speaker.wav,native,models/VoxCPM2-official-mlx-int8-components,mlx-int8-linear,24
35,0035_speaker,逗哏,有人说印尼妹周抛，越南妹更香。,/Users/vanch/mlx-indextts2/outputs/fjymb_library_final/work/clips/0222_crosstalk_0783190-0786560.wav,/Users/vanch/mlx-indextts2/outputs/fjymb_library_final/work/clips/0075_crosstalk_0230717-0236108.wav,,0.72,outputs/groupchat_crosstalk_20260509_scene_ref/audio/0035_0035_speaker.wav,models/mlx-indexTTS2-standard-8bit,2.0,2.2400,0.5426,0.2422,reference,,,,,/Users/vanch/tts_benchmarks/mlx_four_backend_full64_cleanrefs_20260516/voxcpm2/segments/0035_0035_speaker.wav,native,models/VoxCPM2-official-mlx-int8-components,mlx-int8-linear,24
36,0036_speaker,捧哏,好家伙，API 有日抛，恋爱也开始按套餐计费了。,/Users/vanch/mlx-indextts2/outputs/fjymb_library_final/work/clips/0071_crosstalk_0215374-0217032.wav,/Users/vanch/mlx-indextts2/outputs/fjymb_library_final/work/clips/0325_crosstalk_1178247-1185150.wav,,0.68,outputs/groupchat_crosstalk_20260509_scene_ref/audio/0036_0036_speaker.wav,models/mlx-indexTTS2-standard-8bit,2.0,4.1600,0.9053,0.2176,reference,,,,,/Users/vanch/tts_benchmarks/mlx_four_backend_full64_cleanrefs_20260516/voxcpm2/segments/0036_0036_speaker.wav,native,models/VoxCPM2-official-mlx-int8-components,mlx-int8-linear,36
37,0037_speaker,逗哏,第四案，赛博语录。,/Users/vanch/mlx-indextts2/outputs/fjymb_library_final/work/clips/0222_crosstalk_0783190-0786560.wav,/Users/vanch/mlx-indextts2/outputs/fjymb_library_final/work/clips/0222_crosstalk_0783190-0786560.wav,,0.56,outputs/groupchat_crosstalk_20260509_scene_ref/audio/0037_0037_speaker.wav,models/mlx-indexTTS2-standard-8bit,2.0,1.9200,0.4917,0.2561,reference,,,,,/Users/vanch/tts_benchmarks/mlx_four_backend_full64_cleanrefs_20260516/voxcpm2/segments/0037_0037_speaker.wav,native,models/VoxCPM2-official-mlx-int8-components,mlx-int8-linear,24
38,0038_speaker,捧哏,张赛博又来了？,/Users/vanch/mlx-indextts2/outputs/fjymb_library_final/work/clips/0071_crosstalk_0215374-0217032.wav,/Users/vanch/mlx-indextts2/outputs/fjymb_library_final/work/clips/0324_crosstalk_1174530-1178247.wav,,0.68,outputs/groupchat_crosstalk_20260509_scene_ref/audio/0038_0038_speaker.wav,models/mlx-indexTTS2-standard-8bit,2.0,1.2800,0.3345,0.2613,reference,,,,,/Users/vanch/tts_benchmarks/mlx_four_backend_full64_cleanrefs_20260516/voxcpm2/segments/0038_0038_speaker.wav,native,models/VoxCPM2-official-mlx-int8-components,mlx-int8-linear,24
39,0039_speaker,逗哏,群友问他，是不是又被甩了。,/Users/vanch/mlx-indextts2/outputs/fjymb_library_final/work/clips/0222_crosstalk_0783190-0786560.wav,/Users/vanch/mlx-indextts2/outputs/fjymb_library_final/work/clips/0075_crosstalk_0230717-0236108.wav,,0.72,outputs/groupchat_crosstalk_20260509_scene_ref/audio/0039_0039_speaker.wav,models/mlx-indexTTS2-standard-8bit,2.0,2.5600,0.6045,0.2361,reference,,,,,/Users/vanch/tts_benchmarks/mlx_four_backend_full64_cleanrefs_20260516/voxcpm2/segments/0039_0039_speaker.wav,native,models/VoxCPM2-official-mlx-int8-components,mlx-int8-linear,24
40,0040_speaker,捧哏,这不是问候，这是连续剧前情提要。,/Users/vanch/mlx-indextts2/outputs/fjymb_library_final/work/clips/0071_crosstalk_0215374-0217032.wav,/Users/vanch/mlx-indextts2/outputs/fjymb_library_final/work/clips/0077_crosstalk_0237975-0240670.wav,,0.74,outputs/groupchat_crosstalk_20260509_scene_ref/audio/0040_0040_speaker.wav,models/mlx-indexTTS2-standard-8bit,2.0,4.0000,0.8468,0.2117,reference,,,,,/Users/vanch/tts_benchmarks/mlx_four_backend_full64_cleanrefs_20260516/voxcpm2/segments/0040_0040_speaker.wav,native,models/VoxCPM2-official-mlx-int8-components,mlx-int8-linear,25
41,0041_speaker,逗哏,刘总高调宣言，无人扶我青云志，争做修仙群最骚。,/Users/vanch/mlx-indextts2/outputs/fjymb_library_final/work/clips/0222_crosstalk_0783190-0786560.wav,/Users/vanch/mlx-indextts2/outputs/fjymb_library_final/work/clips/0289_crosstalk_1020549-1022581.wav,,0.72,outputs/groupchat_crosstalk_20260509_scene_ref/audio/0041_0041_speaker.wav,models/mlx-indexTTS2-standard-8bit,2.0,5.6000,1.1963,0.2136,reference,,,,,/Users/vanch/tts_benchmarks/mlx_four_backend_full64_cleanrefs_20260516/voxcpm2/segments/0041_0041_speaker.wav,native,models/VoxCPM2-official-mlx-int8-components,mlx-int8-linear,36
42,0042_speaker,捧哏,这志向，一听就没打算上岸。,/Users/vanch/mlx-indextts2/outputs/fjymb_library_final/work/clips/0071_crosstalk_0215374-0217032.wav,/Users/vanch/mlx-indextts2/outputs/fjymb_library_final/work/clips/0325_crosstalk_1178247-1185150.wav,,0.66,outputs/groupchat_crosstalk_20260509_scene_ref/audio/0042_0042_speaker.wav,models/mlx-indexTTS2-standard-8bit,2.0,3.0400,0.6720,0.2210,reference,,,,,/Users/vanch/tts_benchmarks/mlx_four_backend_full64_cleanrefs_20260516/voxcpm2/segments/0042_0042_speaker.wav,native,models/VoxCPM2-official-mlx-int8-components,mlx-int8-linear,24
43,0043_speaker,逗哏,群友补刀，穷得只剩妹子了。,/Users/vanch/mlx-indextts2/outputs/fjymb_library_final/work/clips/0222_crosstalk_0783190-0786560.wav,/Users/vanch/mlx-indextts2/outputs/fjymb_library_final/work/clips/0222_crosstalk_0783190-0786560.wav,,0.58,outputs/groupchat_crosstalk_20260509_scene_ref/audio/0043_0043_speaker.wav,models/mlx-indexTTS2-standard-8bit,2.0,3.8400,0.8635,0.2249,reference,,,,,/Users/vanch/tts_benchmarks/mlx_four_backend_full64_cleanrefs_20260516/voxcpm2/segments/0043_0043_speaker.wav,native,models/VoxCPM2-official-mlx-int8-components,mlx-int8-linear,24
44,0044_speaker,捧哏,我第一次听见有人把破产说得像后宫番。,/Users/vanch/mlx-indextts2/outputs/fjymb_library_final/work/clips/0071_crosstalk_0215374-0217032.wav,/Users/vanch/mlx-indextts2/outputs/fjymb_library_final/work/clips/0077_crosstalk_0237975-0240670.wav,,0.78,outputs/groupchat_crosstalk_20260509_scene_ref/audio/0044_0044_speaker.wav,models/mlx-indexTTS2-standard-8bit,2.0,3.3600,0.7421,0.2209,reference,,,,,/Users/vanch/tts_benchmarks/mlx_four_backend_full64_cleanrefs_20260516/voxcpm2/segments/0044_0044_speaker.wav,native,models/VoxCPM2-official-mlx-int8-components,mlx-int8-linear,31
45,0045_speaker,逗哏,第五案，模型消息轰炸。,/Users/vanch/mlx-indextts2/outputs/fjymb_library_final/work/clips/0222_crosstalk_0783190-0786560.wav,/Users/vanch/mlx-indextts2/outputs/fjymb_library_final/work/clips/0222_crosstalk_0783190-0786560.wav,,0.56,outputs/groupchat_crosstalk_20260509_scene_ref/audio/0045_0045_speaker.wav,models/mlx-indexTTS2-standard-8bit,2.0,2.5600,0.6011,0.2348,reference,,,,,/Users/vanch/tts_benchmarks/mlx_four_backend_full64_cleanrefs_20260516/voxcpm2/segments/0045_0045_speaker.wav,native,models/VoxCPM2-official-mlx-int8-components,mlx-int8-linear,24
46,0046_speaker,捧哏,这群模型党一天不刷模型名就浑身难受。,/Users/vanch/mlx-indextts2/outputs/fjymb_library_final/work/clips/0071_crosstalk_0215374-0217032.wav,/Users/vanch/mlx-indextts2/outputs/fjymb_library_final/work/clips/0325_crosstalk_1178247-1185150.wav,,0.66,outputs/groupchat_crosstalk_20260509_scene_ref/audio/0046_0046_speaker.wav,models/mlx-indexTTS2-standard-8bit,2.0,4.0000,0.8624,0.2156,reference,,,,,/Users/vanch/tts_benchmarks/mlx_four_backend_full64_cleanrefs_20260516/voxcpm2/segments/0046_0046_speaker.wav,native,models/VoxCPM2-official-mlx-int8-components,mlx-int8-linear,31
47,0047_speaker,逗哏,Flux3 还没来，ZImage 已经被抛弃。,/Users/vanch/mlx-indextts2/outputs/fjymb_library_final/work/clips/0222_crosstalk_0783190-0786560.wav,/Users/vanch/mlx-indextts2/outputs/fjymb_library_final/work/clips/0512_crosstalk_1813956-1816924.wav,,0.64,outputs/groupchat_crosstalk_20260509_scene_ref/audio/0047_0047_speaker.wav,models/mlx-indexTTS2-standard-8bit,2.0,2.4000,0.5847,0.2436,reference,,,,,/Users/vanch/tts_benchmarks/mlx_four_backend_full64_cleanrefs_20260516/voxcpm2/segments/0047_0047_speaker.wav,native,models/VoxCPM2-official-mlx-int8-components,mlx-int8-linear,34
48,0048_speaker,捧哏,模型迭代太快，昨天是白月光，今天是压缩包。,/Users/vanch/mlx-indextts2/outputs/fjymb_library_final/work/clips/0071_crosstalk_0215374-0217032.wav,/Users/vanch/mlx-indextts2/outputs/fjymb_library_final/work/clips/0512_crosstalk_1813956-1816924.wav,,0.62,outputs/groupchat_crosstalk_20260509_scene_ref/audio/0048_0048_speaker.wav,models/mlx-indexTTS2-standard-8bit,2.0,3.3600,0.7554,0.2248,reference,,,,,/Users/vanch/tts_benchmarks/mlx_four_backend_full64_cleanrefs_20260516/voxcpm2/segments/0048_0048_speaker.wav,native,models/VoxCPM2-official-mlx-int8-components,mlx-int8-linear,32
49,0049_speaker,逗哏,有人说 ZImage 有 SigLIP。,/Users/vanch/mlx-indextts2/outputs/fjymb_library_final/work/clips/0222_crosstalk_0783190-0786560.wav,/Users/vanch/mlx-indextts2/outputs/fjymb_library_final/work/clips/0222_crosstalk_0783190-0786560.wav,,0.56,outputs/groupchat_crosstalk_20260509_scene_ref/audio/0049_0049_speaker.wav,models/mlx-indexTTS2-standard-8bit,2.0,2.7200,0.6332,0.2328,reference,,,,,/Users/vanch/tts_benchmarks/mlx_four_backend_full64_cleanrefs_20260516/voxcpm2/segments/0049_0049_speaker.wav,native,models/VoxCPM2-official-mlx-int8-components,mlx-int8-linear,29
50,0050_speaker,捧哏,有也没用，群友移情别恋从来不看内在。,/Users/vanch/mlx-indextts2/outputs/fjymb_library_final/work/clips/0071_crosstalk_0215374-0217032.wav,/Users/vanch/mlx-indextts2/outputs/fjymb_library_final/work/clips/0325_crosstalk_1178247-1185150.wav,,0.7,outputs/groupchat_crosstalk_20260509_scene_ref/audio/0050_0050_speaker.wav,models/mlx-indexTTS2-standard-8bit,2.0,3.6800,0.7960,0.2163,reference,,,,,/Users/vanch/tts_benchmarks/mlx_four_backend_full64_cleanrefs_20260516/voxcpm2/segments/0050_0050_speaker.wav,native,models/VoxCPM2-official-mlx-int8-components,mlx-int8-linear,29
51,0051_speaker,逗哏,最后一句神评，过期的模型不要扔，开一开源，隔壁小孩馋哭了。,/Users/vanch/mlx-indextts2/outputs/fjymb_library_final/work/clips/0222_crosstalk_0783190-0786560.wav,/Users/vanch/mlx-indextts2/outputs/fjymb_library_final/work/clips/0075_crosstalk_0230717-0236108.wav,,0.76,outputs/groupchat_crosstalk_20260509_scene_ref/audio/0051_0051_speaker.wav,models/mlx-indexTTS2-standard-8bit,2.0,6.2400,1.3475,0.2159,reference,,,,,/Users/vanch/tts_benchmarks/mlx_four_backend_full64_cleanrefs_20260516/voxcpm2/segments/0051_0051_speaker.wav,native,models/VoxCPM2-official-mlx-int8-components,mlx-int8-linear,45
52,0052_speaker,捧哏,这不叫开源，这叫 AI 界剩菜盲盒。,/Users/vanch/mlx-indextts2/outputs/fjymb_library_final/work/clips/0071_crosstalk_0215374-0217032.wav,/Users/vanch/mlx-indextts2/outputs/fjymb_library_final/work/clips/0077_crosstalk_0237975-0240670.wav,,0.78,outputs/groupchat_crosstalk_20260509_scene_ref/audio/0052_0052_speaker.wav,models/mlx-indexTTS2-standard-8bit,2.0,4.0000,0.8581,0.2145,reference,,,,,/Users/vanch/tts_benchmarks/mlx_four_backend_full64_cleanrefs_20260516/voxcpm2/segments/0052_0052_speaker.wav,native,models/VoxCPM2-official-mlx-int8-components,mlx-int8-linear,25
53,0053_speaker,逗哏,今日龙王榜也很精彩。,/Users/vanch/mlx-indextts2/outputs/fjymb_library_final/work/clips/0222_crosstalk_0783190-0786560.wav,/Users/vanch/mlx-indextts2/outputs/fjymb_library_final/work/clips/0222_crosstalk_0783190-0786560.wav,,0.56,outputs/groupchat_crosstalk_20260509_scene_ref/audio/0053_0053_speaker.wav,models/mlx-indexTTS2-standard-8bit,2.0,2.2400,0.5492,0.2452,reference,,,,,/Users/vanch/tts_benchmarks/mlx_four_backend_full64_cleanrefs_20260516/voxcpm2/segments/0053_0053_speaker.wav,native,models/VoxCPM2-official-mlx-int8-components,mlx-int8-linear,24
54,0054_speaker,捧哏,第一名红领少年小修士，六十六条，专注水群卖号和哥哥真好。,/Users/vanch/mlx-indextts2/outputs/fjymb_library_final/work/clips/0071_crosstalk_0215374-0217032.wav,/Users/vanch/mlx-indextts2/outputs/fjymb_library_final/work/clips/0324_crosstalk_1174530-1178247.wav,,0.7,outputs/groupchat_crosstalk_20260509_scene_ref/audio/0054_0054_speaker.wav,models/mlx-indexTTS2-standard-8bit,2.0,7.2000,1.5007,0.2084,reference,,,,,/Users/vanch/tts_benchmarks/mlx_four_backend_full64_cleanrefs_20260516/voxcpm2/segments/0054_0054_speaker.wav,native,models/VoxCPM2-official-mlx-int8-components,mlx-int8-linear,45
55,0055_speaker,逗哏,第二名土狗道人，六十三条，创业未半，闲鱼先崩。,/Users/vanch/mlx-indextts2/outputs/fjymb_library_final/work/clips/0222_crosstalk_0783190-0786560.wav,/Users/vanch/mlx-indextts2/outputs/fjymb_library_final/work/clips/0512_crosstalk_1813956-1816924.wav,,0.66,outputs/groupchat_crosstalk_20260509_scene_ref/audio/0055_0055_speaker.wav,models/mlx-indexTTS2-standard-8bit,2.0,4.6400,1.0291,0.2218,reference,,,,,/Users/vanch/tts_benchmarks/mlx_four_backend_full64_cleanrefs_20260516/voxcpm2/segments/0055_0055_speaker.wav,native,models/VoxCPM2-official-mlx-int8-components,mlx-int8-linear,34
56,0056_speaker,捧哏,第三名晗萧，五十三条，模型研究狂，问题比参数还多。,/Users/vanch/mlx-indextts2/outputs/fjymb_library_final/work/clips/0071_crosstalk_0215374-0217032.wav,/Users/vanch/mlx-indextts2/outputs/fjymb_library_final/work/clips/0324_crosstalk_1174530-1178247.wav,,0.68,outputs/groupchat_crosstalk_20260509_scene_ref/audio/0056_0056_speaker.wav,models/mlx-indexTTS2-standard-8bit,2.0,6.0800,1.2910,0.2123,reference,,,,,/Users/vanch/tts_benchmarks/mlx_four_backend_full64_cleanrefs_20260516/voxcpm2/segments/0056_0056_speaker.wav,native,models/VoxCPM2-official-mlx-int8-components,mlx-int8-linear,38
57,0057_speaker,逗哏,第四名叶总，四十八条，从越南撩妹到 Codex 羊毛，全栈散修。,/Users/vanch/mlx-indextts2/outputs/fjymb_library_final/work/clips/0222_crosstalk_0783190-0786560.wav,/Users/vanch/mlx-indextts2/outputs/fjymb_library_final/work/clips/0075_crosstalk_0230717-0236108.wav,,0.72,outputs/groupchat_crosstalk_20260509_scene_ref/audio/0057_0057_speaker.wav,models/mlx-indexTTS2-standard-8bit,2.0,5.6000,1.2379,0.2210,reference,,,,,/Users/vanch/tts_benchmarks/mlx_four_backend_full64_cleanrefs_20260516/voxcpm2/segments/0057_0057_speaker.wav,native,models/VoxCPM2-official-mlx-int8-components,mlx-int8-linear,47
58,0058_speaker,捧哏,第五名二舟，四十五条，负责精准吐槽，专治群友膨胀。,/Users/vanch/mlx-indextts2/outputs/fjymb_library_final/work/clips/0071_crosstalk_0215374-0217032.wav,/Users/vanch/mlx-indextts2/outputs/fjymb_library_final/work/clips/0077_crosstalk_0237975-0240670.wav,,0.74,outputs/groupchat_crosstalk_20260509_scene_ref/audio/0058_0058_speaker.wav,models/mlx-indexTTS2-standard-8bit,2.0,6.0800,1.2777,0.2101,reference,,,,,/Users/vanch/tts_benchmarks/mlx_four_backend_full64_cleanrefs_20260516/voxcpm2/segments/0058_0058_speaker.wav,native,models/VoxCPM2-official-mlx-int8-components,mlx-int8-linear,38
59,0059_speaker,逗哏,总结一下，今天这个群，从薅羊毛到撩妹，从逆向到住院。,/Users/vanch/mlx-indextts2/outputs/fjymb_library_final/work/clips/0222_crosstalk_0783190-0786560.wav,/Users/vanch/mlx-indextts2/outputs/fjymb_library_final/work/clips/0222_crosstalk_0783190-0786560.wav,,0.58,outputs/groupchat_crosstalk_20260509_scene_ref/audio/0059_0059_speaker.wav,models/mlx-indexTTS2-standard-8bit,2.0,5.7600,1.2471,0.2165,reference,,,,,/Users/vanch/tts_benchmarks/mlx_four_backend_full64_cleanrefs_20260516/voxcpm2/segments/0059_0059_speaker.wav,native,models/VoxCPM2-official-mlx-int8-components,mlx-int8-linear,40
60,0060_speaker,捧哏,听着像技术交流。,/Users/vanch/mlx-indextts2/outputs/fjymb_library_final/work/clips/0071_crosstalk_0215374-0217032.wav,/Users/vanch/mlx-indextts2/outputs/fjymb_library_final/work/clips/0324_crosstalk_1174530-1178247.wav,,0.68,outputs/groupchat_crosstalk_20260509_scene_ref/audio/0060_0060_speaker.wav,models/mlx-indexTTS2-standard-8bit,2.0,1.6000,0.3966,0.2479,reference,,,,,/Users/vanch/tts_benchmarks/mlx_four_backend_full64_cleanrefs_20260516/voxcpm2/segments/0060_0060_speaker.wav,native,models/VoxCPM2-official-mlx-int8-components,mlx-int8-linear,24
61,0061_speaker,逗哏,实际上呢？,/Users/vanch/mlx-indextts2/outputs/fjymb_library_final/work/clips/0222_crosstalk_0783190-0786560.wav,/Users/vanch/mlx-indextts2/outputs/fjymb_library_final/work/clips/0411_crosstalk_1496417-1497956.wav,,0.7,outputs/groupchat_crosstalk_20260509_scene_ref/audio/0061_0061_speaker.wav,models/mlx-indexTTS2-standard-8bit,2.0,0.8000,0.2508,0.3135,reference,,,,,/Users/vanch/tts_benchmarks/mlx_four_backend_full64_cleanrefs_20260516/voxcpm2/segments/0061_0061_speaker.wav,native,models/VoxCPM2-official-mlx-int8-components,mlx-int8-linear,24
62,0062_speaker,捧哏,AI 界吐槽大会，加荒野求生，加情感调解，再加肾内科会诊。,/Users/vanch/mlx-indextts2/outputs/fjymb_library_final/work/clips/0071_crosstalk_0215374-0217032.wav,/Users/vanch/mlx-indextts2/outputs/fjymb_library_final/work/clips/0077_crosstalk_0237975-0240670.wav,,0.78,outputs/groupchat_crosstalk_20260509_scene_ref/audio/0062_0062_speaker.wav,models/mlx-indexTTS2-standard-8bit,2.0,5.4400,1.1723,0.2155,reference,,,,,/Users/vanch/tts_benchmarks/mlx_four_backend_full64_cleanrefs_20260516/voxcpm2/segments/0062_0062_speaker.wav,native,models/VoxCPM2-official-mlx-int8-components,mlx-int8-linear,43
63,0063_speaker,逗哏,一句话，修仙群没有神仙。,/Users/vanch/mlx-indextts2/outputs/fjymb_library_final/work/clips/0222_crosstalk_0783190-0786560.wav,/Users/vanch/mlx-indextts2/outputs/fjymb_library_final/work/clips/0222_crosstalk_0783190-0786560.wav,,0.58,outputs/groupchat_crosstalk_20260509_scene_ref/audio/0063_0063_speaker.wav,models/mlx-indexTTS2-standard-8bit,2.0,3.2000,0.7273,0.2273,reference,,,,,/Users/vanch/tts_benchmarks/mlx_four_backend_full64_cleanrefs_20260516/voxcpm2/segments/0063_0063_speaker.wav,native,models/VoxCPM2-official-mlx-int8-components,mlx-int8-linear,24
64,0064_speaker,捧哏,全是熬夜抢额度的赛博散修。,/Users/vanch/mlx-indextts2/outputs/fjymb_library_final/work/clips/0071_crosstalk_0215374-0217032.wav,/Users/vanch/mlx-indextts2/outputs/fjymb_library_final/work/clips/0077_crosstalk_0237975-0240670.wav,,0.76,outputs/groupchat_crosstalk_20260509_scene_ref/audio/0064_0064_speaker.wav,models/mlx-indexTTS2-standard-8bit,2.0,2.2400,0.5213,0.2327,reference,,,,,/Users/vanch/tts_benchmarks/mlx_four_backend_full64_cleanrefs_20260516/voxcpm2/segments/0064_0064_speaker.wav,native,models/VoxCPM2-official-mlx-int8-components,mlx-int8-linear,24
